Workbook

Sheet Read Me
B2: TWC Fleet Maintenance & Breakdown Data Collection
B3: Companion workbook to the Fleet Maintenance Index (web dashboard)
B6: Purpose
B7: This workbook is the single place to log real maintenance and breakdown events per unit. Once enough real entries accumulate, the Asset Register and Monthly Trend sheets update automatically, and those figures can be copied into the web dashboard's CLASSES data to replace the sample values.
B9: How to use it
B11: 1. Open the 'Maintenance Log' tab. Every service visit or breakdown gets one row: pick the Unit ID from the dropdown, the date, the type (Scheduled Service / Breakdown), a short description, downtime in hours, and who attended.
B12: 2. Do not edit the 'Asset Register' or 'Monthly Trend' tabs directly — every coloured formula cell there reads from the Maintenance Log automatically.
B13: 3. 'Asset Register' always shows each unit's current Last Service Date, Days Since Service, live Status (OK / Due Soon / Overdue), and Breakdown count for the trailing 12 months.
B14: 4. 'Monthly Trend' rolls the log up into a 12-month breakdown count per unit and per class, with a chart — this is the data the dashboard's future trend slider will consume.
B16: Colour key
B18: Yellow fill | C18: Cells you are expected to type into (the Maintenance Log rows).
B19: Blue text | C19: A hardcoded input value (e.g. service interval).
B20: Black text | C20: A formula — do not overwrite.
B22: Status logic
B23: OK: below 75% of the service interval elapsed · Due Soon: 75-99% · Overdue: 100%+ of the interval elapsed since last logged service.
B25: Data note
B26: The Asset Register and Maintenance Log are pre-seeded with the same illustrative sample units used in the web dashboard, so the two stay consistent while real data is still being collected. Replace/append rows in the Maintenance Log with real service records as they come in.

Sheet Asset Register
A1: Unit ID | B1: Asset Class | C1: Model | D1: Category | E1: Service Interval (days) | F1: Last Service Date | G1: Days Since Service | H1: Status | I1: Breakdowns (12mo) | J1: Notes
A2: CR-01 | B2: Crawler Crane | C2: SANY SCC38000TM | D2: Tracked | E2: 120 | F2: =IFERROR(_xlfn.MAXIFS('Maintenance Log'!$C$3:$C$500,'Maintenance Log'!$B$3:$B$500,A2,'Maintenance Log'!$D$3:$D$500,"Scheduled Service"),"") -> 46189 | G2: =IF(F2="","",TODAY()-F2) -> 40 | H2: =IF(G2="","No data",IF(G2>=E2,"Overdue",IF(G2>=E2*0.75,"Due Soon","OK"))) -> OK | I2: =COUNTIFS('Maintenance Log'!$B$3:$B$500,A2,'Maintenance Log'!$D$3:$D$500,"Breakdown",'Maintenance Log'!$C$3:$C$500,">="&(TODAY()-365)) -> 1
A3: CR-02 | B3: Crawler Crane | C3: Demag CC2800-1 | D3: Tracked | E3: 120 | F3: =IFERROR(_xlfn.MAXIFS('Maintenance Log'!$C$3:$C$500,'Maintenance Log'!$B$3:$B$500,A3,'Maintenance Log'!$D$3:$D$500,"Scheduled Service"),"") -> 46131 | G3: =IF(F3="","",TODAY()-F3) -> 98 | H3: =IF(G3="","No data",IF(G3>=E3,"Overdue",IF(G3>=E3*0.75,"Due Soon","OK"))) -> Due Soon | I3: =COUNTIFS('Maintenance Log'!$B$3:$B$500,A3,'Maintenance Log'!$D$3:$D$500,"Breakdown",'Maintenance Log'!$C$3:$C$500,">="&(TODAY()-365)) -> 3
A4: CR-03 | B4: Crawler Crane | C4: Kobelco CKE2500 | D4: Tracked | E4: 120 | F4: =IFERROR(_xlfn.MAXIFS('Maintenance Log'!$C$3:$C$500,'Maintenance Log'!$B$3:$B$500,A4,'Maintenance Log'!$D$3:$D$500,"Scheduled Service"),"") -> 46098 | G4: =IF(F4="","",TODAY()-F4) -> 131 | H4: =IF(G4="","No data",IF(G4>=E4,"Overdue",IF(G4>=E4*0.75,"Due Soon","OK"))) -> Overdue | I4: =COUNTIFS('Maintenance Log'!$B$3:$B$500,A4,'Maintenance Log'!$D$3:$D$500,"Breakdown",'Maintenance Log'!$C$3:$C$500,">="&(TODAY()-365)) -> 4
A5: AT-01 | B5: Hydraulic / Mobile Crane | C5: Zoomlion ZAT9000V863 | D5: Wheeled | E5: 90 | F5: =IFERROR(_xlfn.MAXIFS('Maintenance Log'!$C$3:$C$500,'Maintenance Log'!$B$3:$B$500,A5,'Maintenance Log'!$D$3:$D$500,"Scheduled Service"),"") -> 46207 | G5: =IF(F5="","",TODAY()-F5) -> 22 | H5: =IF(G5="","No data",IF(G5>=E5,"Overdue",IF(G5>=E5*0.75,"Due Soon","OK"))) -> OK | I5: =COUNTIFS('Maintenance Log'!$B$3:$B$500,A5,'Maintenance Log'!$D$3:$D$500,"Breakdown",'Maintenance Log'!$C$3:$C$500,">="&(TODAY()-365)) -> 0
A6: AT-02 | B6: Hydraulic / Mobile Crane | C6: Grove GMK5095 | D6: Wheeled | E6: 90 | F6: =IFERROR(_xlfn.MAXIFS('Maintenance Log'!$C$3:$C$500,'Maintenance Log'!$B$3:$B$500,A6,'Maintenance Log'!$D$3:$D$500,"Scheduled Service"),"") -> 46158 | G6: =IF(F6="","",TODAY()-F6) -> 71 | H6: =IF(G6="","No data",IF(G6>=E6,"Overdue",IF(G6>=E6*0.75,"Due Soon","OK"))) -> Due Soon | I6: =COUNTIFS('Maintenance Log'!$B$3:$B$500,A6,'Maintenance Log'!$D$3:$D$500,"Breakdown",'Maintenance Log'!$C$3:$C$500,">="&(TODAY()-365)) -> 2
A7: AT-03 | B7: Hydraulic / Mobile Crane | C7: Grove GMK3055 | D7: Wheeled | E7: 90 | F7: =IFERROR(_xlfn.MAXIFS('Maintenance Log'!$C$3:$C$500,'Maintenance Log'!$B$3:$B$500,A7,'Maintenance Log'!$D$3:$D$500,"Scheduled Service"),"") -> 46134 | G7: =IF(F7="","",TODAY()-F7) -> 95 | H7: =IF(G7="","No data",IF(G7>=E7,"Overdue",IF(G7>=E7*0.75,"Due Soon","OK"))) -> Overdue | I7: =COUNTIFS('Maintenance Log'!$B$3:$B$500,A7,'Maintenance Log'!$D$3:$D$500,"Breakdown",'Maintenance Log'!$C$3:$C$500,">="&(TODAY()-365)) -> 5
A8: RT-01 | B8: Rough Terrain Crane | C8: Grove RT760E | D8: Wheeled | E8: 90 | F8: =IFERROR(_xlfn.MAXIFS('Maintenance Log'!$C$3:$C$500,'Maintenance Log'!$B$3:$B$500,A8,'Maintenance Log'!$D$3:$D$500,"Scheduled Service"),"") -> 46214 | G8: =IF(F8="","",TODAY()-F8) -> 15 | H8: =IF(G8="","No data",IF(G8>=E8,"Overdue",IF(G8>=E8*0.75,"Due Soon","OK"))) -> OK | I8: =COUNTIFS('Maintenance Log'!$B$3:$B$500,A8,'Maintenance Log'!$D$3:$D$500,"Breakdown",'Maintenance Log'!$C$3:$C$500,">="&(TODAY()-365)) -> 0
A9: RT-02 | B9: Rough Terrain Crane | C9: GR-1450EX | D9: Wheeled | E9: 90 | F9: =IFERROR(_xlfn.MAXIFS('Maintenance Log'!$C$3:$C$500,'Maintenance Log'!$B$3:$B$500,A9,'Maintenance Log'!$D$3:$D$500,"Scheduled Service"),"") -> 46161 | G9: =IF(F9="","",TODAY()-F9) -> 68 | H9: =IF(G9="","No data",IF(G9>=E9,"Overdue",IF(G9>=E9*0.75,"Due Soon","OK"))) -> Due Soon | I9: =COUNTIFS('Maintenance Log'!$B$3:$B$500,A9,'Maintenance Log'!$D$3:$D$500,"Breakdown",'Maintenance Log'!$C$3:$C$500,">="&(TODAY()-365)) -> 1
A10: RT-03 | B10: Rough Terrain Crane | C10: SANY SRC900T | D10: Wheeled | E10: 90 | F10: =IFERROR(_xlfn.MAXIFS('Maintenance Log'!$C$3:$C$500,'Maintenance Log'!$B$3:$B$500,A10,'Maintenance Log'!$D$3:$D$500,"Scheduled Service"),"") -> 46139 | G10: =IF(F10="","",TODAY()-F10) -> 90 | H10: =IF(G10="","No data",IF(G10>=E10,"Overdue",IF(G10>=E10*0.75,"Due Soon","OK"))) -> Overdue | I10: =COUNTIFS('Maintenance Log'!$B$3:$B$500,A10,'Maintenance Log'!$D$3:$D$500,"Breakdown",'Maintenance Log'!$C$3:$C$500,">="&(TODAY()-365)) -> 3
A11: LC-01 | B11: Lorry Crane | C11: TWC-LC10 | D11: Wheeled | E11: 60 | F11: =IFERROR(_xlfn.MAXIFS('Maintenance Log'!$C$3:$C$500,'Maintenance Log'!$B$3:$B$500,A11,'Maintenance Log'!$D$3:$D$500,"Scheduled Service"),"") -> 46217 | G11: =IF(F11="","",TODAY()-F11) -> 12 | H11: =IF(G11="","No data",IF(G11>=E11,"Overdue",IF(G11>=E11*0.75,"Due Soon","OK"))) -> OK | I11: =COUNTIFS('Maintenance Log'!$B$3:$B$500,A11,'Maintenance Log'!$D$3:$D$500,"Breakdown",'Maintenance Log'!$C$3:$C$500,">="&(TODAY()-365)) -> 0
A12: LC-02 | B12: Lorry Crane | C12: TWC-LC25 | D12: Wheeled | E12: 60 | F12: =IFERROR(_xlfn.MAXIFS('Maintenance Log'!$C$3:$C$500,'Maintenance Log'!$B$3:$B$500,A12,'Maintenance Log'!$D$3:$D$500,"Scheduled Service"),"") -> 46181 | G12: =IF(F12="","",TODAY()-F12) -> 48 | H12: =IF(G12="","No data",IF(G12>=E12,"Overdue",IF(G12>=E12*0.75,"Due Soon","OK"))) -> Due Soon | I12: =COUNTIFS('Maintenance Log'!$B$3:$B$500,A12,'Maintenance Log'!$D$3:$D$500,"Breakdown",'Maintenance Log'!$C$3:$C$500,">="&(TODAY()-365)) -> 2
A13: LC-03 | B13: Lorry Crane | C13: EFFER 100T | D13: Wheeled | E13: 60 | F13: =IFERROR(_xlfn.MAXIFS('Maintenance Log'!$C$3:$C$500,'Maintenance Log'!$B$3:$B$500,A13,'Maintenance Log'!$D$3:$D$500,"Scheduled Service"),"") -> 46163 | G13: =IF(F13="","",TODAY()-F13) -> 66 | H13: =IF(G13="","No data",IF(G13>=E13,"Overdue",IF(G13>=E13*0.75,"Due Soon","OK"))) -> Overdue | I13: =COUNTIFS('Maintenance Log'!$B$3:$B$500,A13,'Maintenance Log'!$D$3:$D$500,"Breakdown",'Maintenance Log'!$C$3:$C$500,">="&(TODAY()-365)) -> 4
... A19: SP-03 | B19: Self-Propelled Modular Trailer | C19: 24-Line Module | D19: Transport | E19: 45 | F19: =IFERROR(_xlfn.MAXIFS('Maintenance Log'!$C$3:$C$500,'Maintenance Log'!$B$3:$B$500,A19,'Maintenance Log'!$D$3:$D$500,"Scheduled Service"),"") -> 46179 | G19: =IF(F19="","",TODAY()-F19) -> 50 | H19: =IF(G19="","No data",IF(G19>=E19,"Overdue",IF(G19>=E19*0.75,"Due Soon","OK"))) -> Overdue | I19: =COUNTIFS('Maintenance Log'!$B$3:$B$500,A19,'Maintenance Log'!$D$3:$D$500,"Breakdown",'Maintenance Log'!$C$3:$C$500,">="&(TODAY()-365)) -> 3

Sheet Maintenance Log
A1: Maintenance & Breakdown Log — add one row per event
A2: Yellow rows are sample data illustrating the format. Add real entries below the last row.
A3: Log ID | B3: Unit ID | C3: Date | D3: Type | E3: Description | F3: Downtime (hrs) | G3: Technician | H3: Notes
A4: LOG-0001 | B4: CR-01 | C4: 46189 | D4: Scheduled Service | E4: Routine scheduled maintenance | F4: 8 | G4: In-house Team A
A5: LOG-0002 | B5: CR-01 | C5: 45899 | D5: Breakdown | E5: Engine overheating | F5: 16 | G5: In-house Team A
A6: LOG-0003 | B6: CR-02 | C6: 46131 | D6: Scheduled Service | E6: Routine scheduled maintenance | F6: 8 | G6: In-house Team A
A7: LOG-0004 | B7: CR-02 | C7: 46101 | D7: Breakdown | E7: Slew bearing wear | F7: 6 | G7: In-house Team B
A8: LOG-0005 | B8: CR-02 | C8: 45880 | D8: Breakdown | E8: Telematics sensor fault | F8: 6 | G8: OEM service engineer
A9: LOG-0006 | B9: CR-02 | C9: 45924 | D9: Breakdown | E9: Load moment indicator fault | F9: 4 | G9: In-house Team A
A10: LOG-0007 | B10: CR-03 | C10: 46098 | D10: Scheduled Service | E10: Routine scheduled maintenance | F10: 8 | G10: In-house Team A
A11: LOG-0008 | B11: CR-03 | C11: 46179 | D11: Breakdown | E11: Slew bearing wear | F11: 72 | G11: In-house Team B
A12: LOG-0009 | B12: CR-03 | C12: 45918 | D12: Breakdown | E12: Hydraulic hose failure | F12: 12 | G12: OEM service engineer
A13: LOG-0010 | B13: CR-03 | C13: 45894 | D13: Breakdown | E13: Telematics sensor fault | F13: 36 | G13: OEM service engineer
A14: LOG-0011 | B14: CR-03 | C14: 46114 | D14: Breakdown | E14: Winch motor failure | F14: 16 | G14: OEM service engineer
A15: LOG-0012 | B15: AT-01 | C15: 46207 | D15: Scheduled Service | E15: Routine scheduled maintenance | F15: 8 | G15: In-house Team A
... A53: LOG-0050 | B53: SP-03 | C53: 46156 | D53: Breakdown | E53: Brake system fault | F53: 6 | G53: External vendor - Electrical Co

Sheet Monthly Trend
A1: Breakdown Trend — Trailing 12 Months (auto-calculated from Maintenance Log)
A2: This is the data the dashboard's trend slider will read from once populated with real entries.
A4: Unit ID | B4: Class | C4: Aug-2025 | D4: Sep-2025 | E4: Oct-2025 | F4: Nov-2025 | G4: Dec-2025 | H4: Jan-2026 | I4: Feb-2026 | J4: Mar-2026 | K4: Apr-2026 | L4: May-2026 | M4: Jun-2026 | N4: Jul-2026
A5: CR-01 | B5: Crawler Crane | C5: =COUNTIFS('Maintenance Log'!$B$4:$B$500,$A5,'Maintenance Log'!$D$4:$D$500,"Breakdown",'Maintenance Log'!$C$4:$C$500,">="&DATE(2025,8,1),'Maintenance Log'!$C$4:$C$500,"<"&DATE(2025,9,1)) -> 1 | D5: =COUNTIFS('Maintenance Log'!$B$4:$B$500,$A5,'Maintenance Log'!$D$4:$D$500,"Breakdown",'Maintenance Log'!$C$4:$C$500,">="&DATE(2025,9,1),'Maintenance Log'!$C$4:$C$500,"<"&DATE(2025,10,1)) -> 0 | E5: =COUNTIFS('Maintenance Log'!$B$4:$B$500,$A5,'Maintenance Log'!$D$4:$D$500,"Breakdown",'Maintenance Log'!$C$4:$C$500,">="&DATE(2025,10,1),'Maintenance Log'!$C$4:$C$500,"<"&DATE(2025,11,1)) -> 0 | F5: =COUNTIFS('Maintenance Log'!$B$4:$B$500,$A5,'Maintenance Log'!$D$4:$D$500,"Breakdown",'Maintenance Log'!$C$4:$C$500,">="&DATE(2025,11,1),'Maintenance Log'!$C$4:$C$500,"<"&DATE(2025,12,1)) -> 0 | G5: =COUNTIFS('Maintenance Log'!$B$4:$B$500,$A5,'Maintenance Log'!$D$4:$D$500,"Breakdown",'Maintenance Log'!$C$4:$C$500,">="&DATE(2025,12,1),'Maintenance Log'!$C$4:$C$500,"<"&DATE(2026,1,1)) -> 0 | H5: =COUNTIFS('Maintenance Log'!$B$4:$B$500,$A5,'Maintenance Log'!$D$4:$D$500,"Breakdown",'Maintenance Log'!$C$4:$C$500,">="&DATE(2026,1,1),'Maintenance Log'!$C$4:$C$500,"<"&DATE(2026,2,1)) -> 0 | I5: =COUNTIFS('Maintenance Log'!$B$4:$B$500,$A5,'Maintenance Log'!$D$4:$D$500,"Breakdown",'Maintenance Log'!$C$4:$C$500,">="&DATE(2026,2,1),'Maintenance Log'!$C$4:$C$500,"<"&DATE(2026,3,1)) -> 0 | J5: =COUNTIFS('Maintenance Log'!$B$4:$B$500,$A5,'Maintenance Log'!$D$4:$D$500,"Breakdown",'Maintenance Log'!$C$4:$C$500,">="&DATE(2026,3,1),'Maintenance Log'!$C$4:$C$500,"<"&DATE(2026,4,1)) -> 0 | K5: =COUNTIFS('Maintenance Log'!$B$4:$B$500,$A5,'Maintenance Log'!$D$4:$D$500,"Breakdown",'Maintenance Log'!$C$4:$C$500,">="&DATE(2026,4,1),'Maintenance Log'!$C$4:$C$500,"<"&DATE(2026,5,1)) -> 0 | L5: =COUNTIFS('Maintenance Log'!$B$4:$B$500,$A5,'Maintenance Log'!$D$4:$D$500,"Breakdown",'Maintenance Log'!$C$4:$C$500,">="&DATE(2026,5,1),'Maintenance Log'!$C$4:$C$500,"<"&DATE(2026,6,1)) -> 0 | M5: =COUNTIFS('Maintenance Log'!$B$4:$B$500,$A5,'Maintenance Log'!$D$4:$D$500,"Breakdown",'Maintenance Log'!$C$4:$C$500,">="&DATE(2026,6,1),'Maintenance Log'!$C$4:$C$500,"<"&DATE(2026,7,1)) -> 0 | N5: =COUNTIFS('Maintenance Log'!$B$4:$B$500,$A5,'Maintenance Log'!$D$4:$D$500,"Breakdown",'Maintenance Log'!$C$4:$C$500,">="&DATE(2026,7,1),'Maintenance Log'!$C$4:$C$500,"<"&DATE(2026,8,1)) -> 0
A6: CR-02 | B6: Crawler Crane | C6: =COUNTIFS('Maintenance Log'!$B$4:$B$500,$A6,'Maintenance Log'!$D$4:$D$500,"Breakdown",'Maintenance Log'!$C$4:$C$500,">="&DATE(2025,8,1),'Maintenance Log'!$C$4:$C$500,"<"&DATE(2025,9,1)) -> 1 | D6: =COUNTIFS('Maintenance Log'!$B$4:$B$500,$A6,'Maintenance Log'!$D$4:$D$500,"Breakdown",'Maintenance Log'!$C$4:$C$500,">="&DATE(2025,9,1),'Maintenance Log'!$C$4:$C$500,"<"&DATE(2025,10,1)) -> 1 | E6: =COUNTIFS('Maintenance Log'!$B$4:$B$500,$A6,'Maintenance Log'!$D$4:$D$500,"Breakdown",'Maintenance Log'!$C$4:$C$500,">="&DATE(2025,10,1),'Maintenance Log'!$C$4:$C$500,"<"&DATE(2025,11,1)) -> 0 | F6: =COUNTIFS('Maintenance Log'!$B$4:$B$500,$A6,'Maintenance Log'!$D$4:$D$500,"Breakdown",'Maintenance Log'!$C$4:$C$500,">="&DATE(2025,11,1),'Maintenance Log'!$C$4:$C$500,"<"&DATE(2025,12,1)) -> 0 | G6: =COUNTIFS('Maintenance Log'!$B$4:$B$500,$A6,'Maintenance Log'!$D$4:$D$500,"Breakdown",'Maintenance Log'!$C$4:$C$500,">="&DATE(2025,12,1),'Maintenance Log'!$C$4:$C$500,"<"&DATE(2026,1,1)) -> 0 | H6: =COUNTIFS('Maintenance Log'!$B$4:$B$500,$A6,'Maintenance Log'!$D$4:$D$500,"Breakdown",'Maintenance Log'!$C$4:$C$500,">="&DATE(2026,1,1),'Maintenance Log'!$C$4:$C$500,"<"&DATE(2026,2,1)) -> 0 | I6: =COUNTIFS('Maintenance Log'!$B$4:$B$500,$A6,'Maintenance Log'!$D$4:$D$500,"Breakdown",'Maintenance Log'!$C$4:$C$500,">="&DATE(2026,2,1),'Maintenance Log'!$C$4:$C$500,"<"&DATE(2026,3,1)) -> 0 | J6: =COUNTIFS('Maintenance Log'!$B$4:$B$500,$A6,'Maintenance Log'!$D$4:$D$500,"Breakdown",'Maintenance Log'!$C$4:$C$500,">="&DATE(2026,3,1),'Maintenance Log'!$C$4:$C$500,"<"&DATE(2026,4,1)) -> 1 | K6: =COUNTIFS('Maintenance Log'!$B$4:$B$500,$A6,'Maintenance Log'!$D$4:$D$500,"Breakdown",'Maintenance Log'!$C$4:$C$500,">="&DATE(2026,4,1),'Maintenance Log'!$C$4:$C$500,"<"&DATE(2026,5,1)) -> 0 | L6: =COUNTIFS('Maintenance Log'!$B$4:$B$500,$A6,'Maintenance Log'!$D$4:$D$500,"Breakdown",'Maintenance Log'!$C$4:$C$500,">="&DATE(2026,5,1),'Maintenance Log'!$C$4:$C$500,"<"&DATE(2026,6,1)) -> 0 | M6: =COUNTIFS('Maintenance Log'!$B$4:$B$500,$A6,'Maintenance Log'!$D$4:$D$500,"Breakdown",'Maintenance Log'!$C$4:$C$500,">="&DATE(2026,6,1),'Maintenance Log'!$C$4:$C$500,"<"&DATE(2026,7,1)) -> 0 | N6: =COUNTIFS('Maintenance Log'!$B$4:$B$500,$A6,'Maintenance Log'!$D$4:$D$500,"Breakdown",'Maintenance Log'!$C$4:$C$500,">="&DATE(2026,7,1),'Maintenance Log'!$C$4:$C$500,"<"&DATE(2026,8,1)) -> 0
A7: CR-03 | B7: Crawler Crane | C7: =COUNTIFS('Maintenance Log'!$B$4:$B$500,$A7,'Maintenance Log'!$D$4:$D$500,"Breakdown",'Maintenance Log'!$C$4:$C$500,">="&DATE(2025,8,1),'Maintenance Log'!$C$4:$C$500,"<"&DATE(2025,9,1)) -> 1 | D7: =COUNTIFS('Maintenance Log'!$B$4:$B$500,$A7,'Maintenance Log'!$D$4:$D$500,"Breakdown",'Maintenance Log'!$C$4:$C$500,">="&DATE(2025,9,1),'Maintenance Log'!$C$4:$C$500,"<"&DATE(2025,10,1)) -> 1 | E7: =COUNTIFS('Maintenance Log'!$B$4:$B$500,$A7,'Maintenance Log'!$D$4:$D$500,"Breakdown",'Maintenance Log'!$C$4:$C$500,">="&DATE(2025,10,1),'Maintenance Log'!$C$4:$C$500,"<"&DATE(2025,11,1)) -> 0 | F7: =COUNTIFS('Maintenance Log'!$B$4:$B$500,$A7,'Maintenance Log'!$D$4:$D$500,"Breakdown",'Maintenance Log'!$C$4:$C$500,">="&DATE(2025,11,1),'Maintenance Log'!$C$4:$C$500,"<"&DATE(2025,12,1)) -> 0 | G7: =COUNTIFS('Maintenance Log'!$B$4:$B$500,$A7,'Maintenance Log'!$D$4:$D$500,"Breakdown",'Maintenance Log'!$C$4:$C$500,">="&DATE(2025,12,1),'Maintenance Log'!$C$4:$C$500,"<"&DATE(2026,1,1)) -> 0 | H7: =COUNTIFS('Maintenance Log'!$B$4:$B$500,$A7,'Maintenance Log'!$D$4:$D$500,"Breakdown",'Maintenance Log'!$C$4:$C$500,">="&DATE(2026,1,1),'Maintenance Log'!$C$4:$C$500,"<"&DATE(2026,2,1)) -> 0 | I7: =COUNTIFS('Maintenance Log'!$B$4:$B$500,$A7,'Maintenance Log'!$D$4:$D$500,"Breakdown",'Maintenance Log'!$C$4:$C$500,">="&DATE(2026,2,1),'Maintenance Log'!$C$4:$C$500,"<"&DATE(2026,3,1)) -> 0 | J7: =COUNTIFS('Maintenance Log'!$B$4:$B$500,$A7,'Maintenance Log'!$D$4:$D$500,"Breakdown",'Maintenance Log'!$C$4:$C$500,">="&DATE(2026,3,1),'Maintenance Log'!$C$4:$C$500,"<"&DATE(2026,4,1)) -> 0 | K7: =COUNTIFS('Maintenance Log'!$B$4:$B$500,$A7,'Maintenance Log'!$D$4:$D$500,"Breakdown",'Maintenance Log'!$C$4:$C$500,">="&DATE(2026,4,1),'Maintenance Log'!$C$4:$C$500,"<"&DATE(2026,5,1)) -> 1 | L7: =COUNTIFS('Maintenance Log'!$B$4:$B$500,$A7,'Maintenance Log'!$D$4:$D$500,"Breakdown",'Maintenance Log'!$C$4:$C$500,">="&DATE(2026,5,1),'Maintenance Log'!$C$4:$C$500,"<"&DATE(2026,6,1)) -> 0 | M7: =COUNTIFS('Maintenance Log'!$B$4:$B$500,$A7,'Maintenance Log'!$D$4:$D$500,"Breakdown",'Maintenance Log'!$C$4:$C$500,">="&DATE(2026,6,1),'Maintenance Log'!$C$4:$C$500,"<"&DATE(2026,7,1)) -> 1 | N7: =COUNTIFS('Maintenance Log'!$B$4:$B$500,$A7,'Maintenance Log'!$D$4:$D$500,"Breakdown",'Maintenance Log'!$C$4:$C$500,">="&DATE(2026,7,1),'Maintenance Log'!$C$4:$C$500,"<"&DATE(2026,8,1)) -> 0
A8: AT-01 | B8: Hydraulic / Mobile Crane | C8: =COUNTIFS('Maintenance Log'!$B$4:$B$500,$A8,'Maintenance Log'!$D$4:$D$500,"Breakdown",'Maintenance Log'!$C$4:$C$500,">="&DATE(2025,8,1),'Maintenance Log'!$C$4:$C$500,"<"&DATE(2025,9,1)) -> 0 | D8: =COUNTIFS('Maintenance Log'!$B$4:$B$500,$A8,'Maintenance Log'!$D$4:$D$500,"Breakdown",'Maintenance Log'!$C$4:$C$500,">="&DATE(2025,9,1),'Maintenance Log'!$C$4:$C$500,"<"&DATE(2025,10,1)) -> 0 | E8: =COUNTIFS('Maintenance Log'!$B$4:$B$500,$A8,'Maintenance Log'!$D$4:$D$500,"Breakdown",'Maintenance Log'!$C$4:$C$500,">="&DATE(2025,10,1),'Maintenance Log'!$C$4:$C$500,"<"&DATE(2025,11,1)) -> 0 | F8: =COUNTIFS('Maintenance Log'!$B$4:$B$500,$A8,'Maintenance Log'!$D$4:$D$500,"Breakdown",'Maintenance Log'!$C$4:$C$500,">="&DATE(2025,11,1),'Maintenance Log'!$C$4:$C$500,"<"&DATE(2025,12,1)) -> 0 | G8: =COUNTIFS('Maintenance Log'!$B$4:$B$500,$A8,'Maintenance Log'!$D$4:$D$500,"Breakdown",'Maintenance Log'!$C$4:$C$500,">="&DATE(2025,12,1),'Maintenance Log'!$C$4:$C$500,"<"&DATE(2026,1,1)) -> 0 | H8: =COUNTIFS('Maintenance Log'!$B$4:$B$500,$A8,'Maintenance Log'!$D$4:$D$500,"Breakdown",'Maintenance Log'!$C$4:$C$500,">="&DATE(2026,1,1),'Maintenance Log'!$C$4:$C$500,"<"&DATE(2026,2,1)) -> 0 | I8: =COUNTIFS('Maintenance Log'!$B$4:$B$500,$A8,'Maintenance Log'!$D$4:$D$500,"Breakdown",'Maintenance Log'!$C$4:$C$500,">="&DATE(2026,2,1),'Maintenance Log'!$C$4:$C$500,"<"&DATE(2026,3,1)) -> 0 | J8: =COUNTIFS('Maintenance Log'!$B$4:$B$500,$A8,'Maintenance Log'!$D$4:$D$500,"Breakdown",'Maintenance Log'!$C$4:$C$500,">="&DATE(2026,3,1),'Maintenance Log'!$C$4:$C$500,"<"&DATE(2026,4,1)) -> 0 | K8: =COUNTIFS('Maintenance Log'!$B$4:$B$500,$A8,'Maintenance Log'!$D$4:$D$500,"Breakdown",'Maintenance Log'!$C$4:$C$500,">="&DATE(2026,4,1),'Maintenance Log'!$C$4:$C$500,"<"&DATE(2026,5,1)) -> 0 | L8: =COUNTIFS('Maintenance Log'!$B$4:$B$500,$A8,'Maintenance Log'!$D$4:$D$500,"Breakdown",'Maintenance Log'!$C$4:$C$500,">="&DATE(2026,5,1),'Maintenance Log'!$C$4:$C$500,"<"&DATE(2026,6,1)) -> 0 | M8: =COUNTIFS('Maintenance Log'!$B$4:$B$500,$A8,'Maintenance Log'!$D$4:$D$500,"Breakdown",'Maintenance Log'!$C$4:$C$500,">="&DATE(2026,6,1),'Maintenance Log'!$C$4:$C$500,"<"&DATE(2026,7,1)) -> 0 | N8: =COUNTIFS('Maintenance Log'!$B$4:$B$500,$A8,'Maintenance Log'!$D$4:$D$500,"Breakdown",'Maintenance Log'!$C$4:$C$500,">="&DATE(2026,7,1),'Maintenance Log'!$C$4:$C$500,"<"&DATE(2026,8,1)) -> 0
A9: AT-02 | B9: Hydraulic / Mobile Crane | C9: =COUNTIFS('Maintenance Log'!$B$4:$B$500,$A9,'Maintenance Log'!$D$4:$D$500,"Breakdown",'Maintenance Log'!$C$4:$C$500,">="&DATE(2025,8,1),'Maintenance Log'!$C$4:$C$500,"<"&DATE(2025,9,1)) -> 0 | D9: =COUNTIFS('Maintenance Log'!$B$4:$B$500,$A9,'Maintenance Log'!$D$4:$D$500,"Breakdown",'Maintenance Log'!$C$4:$C$500,">="&DATE(2025,9,1),'Maintenance Log'!$C$4:$C$500,"<"&DATE(2025,10,1)) -> 0 | E9: =COUNTIFS('Maintenance Log'!$B$4:$B$500,$A9,'Maintenance Log'!$D$4:$D$500,"Breakdown",'Maintenance Log'!$C$4:$C$500,">="&DATE(2025,10,1),'Maintenance Log'!$C$4:$C$500,"<"&DATE(2025,11,1)) -> 0 | F9: =COUNTIFS('Maintenance Log'!$B$4:$B$500,$A9,'Maintenance Log'!$D$4:$D$500,"Breakdown",'Maintenance Log'!$C$4:$C$500,">="&DATE(2025,11,1),'Maintenance Log'!$C$4:$C$500,"<"&DATE(2025,12,1)) -> 0 | G9: =COUNTIFS('Maintenance Log'!$B$4:$B$500,$A9,'Maintenance Log'!$D$4:$D$500,"Breakdown",'Maintenance Log'!$C$4:$C$500,">="&DATE(2025,12,1),'Maintenance Log'!$C$4:$C$500,"<"&DATE(2026,1,1)) -> 0 | H9: =COUNTIFS('Maintenance Log'!$B$4:$B$500,$A9,'Maintenance Log'!$D$4:$D$500,"Breakdown",'Maintenance Log'!$C$4:$C$500,">="&DATE(2026,1,1),'Maintenance Log'!$C$4:$C$500,"<"&DATE(2026,2,1)) -> 0 | I9: =COUNTIFS('Maintenance Log'!$B$4:$B$500,$A9,'Maintenance Log'!$D$4:$D$500,"Breakdown",'Maintenance Log'!$C$4:$C$500,">="&DATE(2026,2,1),'Maintenance Log'!$C$4:$C$500,"<"&DATE(2026,3,1)) -> 0 | J9: =COUNTIFS('Maintenance Log'!$B$4:$B$500,$A9,'Maintenance Log'!$D$4:$D$500,"Breakdown",'Maintenance Log'!$C$4:$C$500,">="&DATE(2026,3,1),'Maintenance Log'!$C$4:$C$500,"<"&DATE(2026,4,1)) -> 1 | K9: =COUNTIFS('Maintenance Log'!$B$4:$B$500,$A9,'Maintenance Log'!$D$4:$D$500,"Breakdown",'Maintenance Log'!$C$4:$C$500,">="&DATE(2026,4,1),'Maintenance Log'!$C$4:$C$500,"<"&DATE(2026,5,1)) -> 0 | L9: =COUNTIFS('Maintenance Log'!$B$4:$B$500,$A9,'Maintenance Log'!$D$4:$D$500,"Breakdown",'Maintenance Log'!$C$4:$C$500,">="&DATE(2026,5,1),'Maintenance Log'!$C$4:$C$500,"<"&DATE(2026,6,1)) -> 0 | M9: =COUNTIFS('Maintenance Log'!$B$4:$B$500,$A9,'Maintenance Log'!$D$4:$D$500,"Breakdown",'Maintenance Log'!$C$4:$C$500,">="&DATE(2026,6,1),'Maintenance Log'!$C$4:$C$500,"<"&DATE(2026,7,1)) -> 0 | N9: =COUNTIFS('Maintenance Log'!$B$4:$B$500,$A9,'Maintenance Log'!$D$4:$D$500,"Breakdown",'Maintenance Log'!$C$4:$C$500,">="&DATE(2026,7,1),'Maintenance Log'!$C$4:$C$500,"<"&DATE(2026,8,1)) -> 1
A10: AT-03 | B10: Hydraulic / Mobile Crane | C10: =COUNTIFS('Maintenance Log'!$B$4:$B$500,$A10,'Maintenance Log'!$D$4:$D$500,"Breakdown",'Maintenance Log'!$C$4:$C$500,">="&DATE(2025,8,1),'Maintenance Log'!$C$4:$C$500,"<"&DATE(2025,9,1)) -> 0 | D10: =COUNTIFS('Maintenance Log'!$B$4:$B$500,$A10,'Maintenance Log'!$D$4:$D$500,"Breakdown",'Maintenance Log'!$C$4:$C$500,">="&DATE(2025,9,1),'Maintenance Log'!$C$4:$C$500,"<"&DATE(2025,10,1)) -> 0 | E10: =COUNTIFS('Maintenance Log'!$B$4:$B$500,$A10,'Maintenance Log'!$D$4:$D$500,"Breakdown",'Maintenance Log'!$C$4:$C$500,">="&DATE(2025,10,1),'Maintenance Log'!$C$4:$C$500,"<"&DATE(2025,11,1)) -> 0 | F10: =COUNTIFS('Maintenance Log'!$B$4:$B$500,$A10,'Maintenance Log'!$D$4:$D$500,"Breakdown",'Maintenance Log'!$C$4:$C$500,">="&DATE(2025,11,1),'Maintenance Log'!$C$4:$C$500,"<"&DATE(2025,12,1)) -> 0 | G10: =COUNTIFS('Maintenance Log'!$B$4:$B$500,$A10,'Maintenance Log'!$D$4:$D$500,"Breakdown",'Maintenance Log'!$C$4:$C$500,">="&DATE(2025,12,1),'Maintenance Log'!$C$4:$C$500,"<"&DATE(2026,1,1)) -> 0 | H10: =COUNTIFS('Maintenance Log'!$B$4:$B$500,$A10,'Maintenance Log'!$D$4:$D$500,"Breakdown",'Maintenance Log'!$C$4:$C$500,">="&DATE(2026,1,1),'Maintenance Log'!$C$4:$C$500,"<"&DATE(2026,2,1)) -> 1 | I10: =COUNTIFS('Maintenance Log'!$B$4:$B$500,$A10,'Maintenance Log'!$D$4:$D$500,"Breakdown",'Maintenance Log'!$C$4:$C$500,">="&DATE(2026,2,1),'Maintenance Log'!$C$4:$C$500,"<"&DATE(2026,3,1)) -> 1 | J10: =COUNTIFS('Maintenance Log'!$B$4:$B$500,$A10,'Maintenance Log'!$D$4:$D$500,"Breakdown",'Maintenance Log'!$C$4:$C$500,">="&DATE(2026,3,1),'Maintenance Log'!$C$4:$C$500,"<"&DATE(2026,4,1)) -> 0 | K10: =COUNTIFS('Maintenance Log'!$B$4:$B$500,$A10,'Maintenance Log'!$D$4:$D$500,"Breakdown",'Maintenance Log'!$C$4:$C$500,">="&DATE(2026,4,1),'Maintenance Log'!$C$4:$C$500,"<"&DATE(2026,5,1)) -> 0 | L10: =COUNTIFS('Maintenance Log'!$B$4:$B$500,$A10,'Maintenance Log'!$D$4:$D$500,"Breakdown",'Maintenance Log'!$C$4:$C$500,">="&DATE(2026,5,1),'Maintenance Log'!$C$4:$C$500,"<"&DATE(2026,6,1)) -> 1 | M10: =COUNTIFS('Maintenance Log'!$B$4:$B$500,$A10,'Maintenance Log'!$D$4:$D$500,"Breakdown",'Maintenance Log'!$C$4:$C$500,">="&DATE(2026,6,1),'Maintenance Log'!$C$4:$C$500,"<"&DATE(2026,7,1)) -> 1 | N10: =COUNTIFS('Maintenance Log'!$B$4:$B$500,$A10,'Maintenance Log'!$D$4:$D$500,"Breakdown",'Maintenance Log'!$C$4:$C$500,">="&DATE(2026,7,1),'Maintenance Log'!$C$4:$C$500,"<"&DATE(2026,8,1)) -> 1
A11: RT-01 | B11: Rough Terrain Crane | C11: =COUNTIFS('Maintenance Log'!$B$4:$B$500,$A11,'Maintenance Log'!$D$4:$D$500,"Breakdown",'Maintenance Log'!$C$4:$C$500,">="&DATE(2025,8,1),'Maintenance Log'!$C$4:$C$500,"<"&DATE(2025,9,1)) -> 0 | D11: =COUNTIFS('Maintenance Log'!$B$4:$B$500,$A11,'Maintenance Log'!$D$4:$D$500,"Breakdown",'Maintenance Log'!$C$4:$C$500,">="&DATE(2025,9,1),'Maintenance Log'!$C$4:$C$500,"<"&DATE(2025,10,1)) -> 0 | E11: =COUNTIFS('Maintenance Log'!$B$4:$B$500,$A11,'Maintenance Log'!$D$4:$D$500,"Breakdown",'Maintenance Log'!$C$4:$C$500,">="&DATE(2025,10,1),'Maintenance Log'!$C$4:$C$500,"<"&DATE(2025,11,1)) -> 0 | F11: =COUNTIFS('Maintenance Log'!$B$4:$B$500,$A11,'Maintenance Log'!$D$4:$D$500,"Breakdown",'Maintenance Log'!$C$4:$C$500,">="&DATE(2025,11,1),'Maintenance Log'!$C$4:$C$500,"<"&DATE(2025,12,1)) -> 0 | G11: =COUNTIFS('Maintenance Log'!$B$4:$B$500,$A11,'Maintenance Log'!$D$4:$D$500,"Breakdown",'Maintenance Log'!$C$4:$C$500,">="&DATE(2025,12,1),'Maintenance Log'!$C$4:$C$500,"<"&DATE(2026,1,1)) -> 0 | H11: =COUNTIFS('Maintenance Log'!$B$4:$B$500,$A11,'Maintenance Log'!$D$4:$D$500,"Breakdown",'Maintenance Log'!$C$4:$C$500,">="&DATE(2026,1,1),'Maintenance Log'!$C$4:$C$500,"<"&DATE(2026,2,1)) -> 0 | I11: =COUNTIFS('Maintenance Log'!$B$4:$B$500,$A11,'Maintenance Log'!$D$4:$D$500,"Breakdown",'Maintenance Log'!$C$4:$C$500,">="&DATE(2026,2,1),'Maintenance Log'!$C$4:$C$500,"<"&DATE(2026,3,1)) -> 0 | J11: =COUNTIFS('Maintenance Log'!$B$4:$B$500,$A11,'Maintenance Log'!$D$4:$D$500,"Breakdown",'Maintenance Log'!$C$4:$C$500,">="&DATE(2026,3,1),'Maintenance Log'!$C$4:$C$500,"<"&DATE(2026,4,1)) -> 0 | K11: =COUNTIFS('Maintenance Log'!$B$4:$B$500,$A11,'Maintenance Log'!$D$4:$D$500,"Breakdown",'Maintenance Log'!$C$4:$C$500,">="&DATE(2026,4,1),'Maintenance Log'!$C$4:$C$500,"<"&DATE(2026,5,1)) -> 0 | L11: =COUNTIFS('Maintenance Log'!$B$4:$B$500,$A11,'Maintenance Log'!$D$4:$D$500,"Breakdown",'Maintenance Log'!$C$4:$C$500,">="&DATE(2026,5,1),'Maintenance Log'!$C$4:$C$500,"<"&DATE(2026,6,1)) -> 0 | M11: =COUNTIFS('Maintenance Log'!$B$4:$B$500,$A11,'Maintenance Log'!$D$4:$D$500,"Breakdown",'Maintenance Log'!$C$4:$C$500,">="&DATE(2026,6,1),'Maintenance Log'!$C$4:$C$500,"<"&DATE(2026,7,1)) -> 0 | N11: =COUNTIFS('Maintenance Log'!$B$4:$B$500,$A11,'Maintenance Log'!$D$4:$D$500,"Breakdown",'Maintenance Log'!$C$4:$C$500,">="&DATE(2026,7,1),'Maintenance Log'!$C$4:$C$500,"<"&DATE(2026,8,1)) -> 0
A12: RT-02 | B12: Rough Terrain Crane | C12: =COUNTIFS('Maintenance Log'!$B$4:$B$500,$A12,'Maintenance Log'!$D$4:$D$500,"Breakdown",'Maintenance Log'!$C$4:$C$500,">="&DATE(2025,8,1),'Maintenance Log'!$C$4:$C$500,"<"&DATE(2025,9,1)) -> 0 | D12: =COUNTIFS('Maintenance Log'!$B$4:$B$500,$A12,'Maintenance Log'!$D$4:$D$500,"Breakdown",'Maintenance Log'!$C$4:$C$500,">="&DATE(2025,9,1),'Maintenance Log'!$C$4:$C$500,"<"&DATE(2025,10,1)) -> 0 | E12: =COUNTIFS('Maintenance Log'!$B$4:$B$500,$A12,'Maintenance Log'!$D$4:$D$500,"Breakdown",'Maintenance Log'!$C$4:$C$500,">="&DATE(2025,10,1),'Maintenance Log'!$C$4:$C$500,"<"&DATE(2025,11,1)) -> 1 | F12: =COUNTIFS('Maintenance Log'!$B$4:$B$500,$A12,'Maintenance Log'!$D$4:$D$500,"Breakdown",'Maintenance Log'!$C$4:$C$500,">="&DATE(2025,11,1),'Maintenance Log'!$C$4:$C$500,"<"&DATE(2025,12,1)) -> 0 | G12: =COUNTIFS('Maintenance Log'!$B$4:$B$500,$A12,'Maintenance Log'!$D$4:$D$500,"Breakdown",'Maintenance Log'!$C$4:$C$500,">="&DATE(2025,12,1),'Maintenance Log'!$C$4:$C$500,"<"&DATE(2026,1,1)) -> 0 | H12: =COUNTIFS('Maintenance Log'!$B$4:$B$500,$A12,'Maintenance Log'!$D$4:$D$500,"Breakdown",'Maintenance Log'!$C$4:$C$500,">="&DATE(2026,1,1),'Maintenance Log'!$C$4:$C$500,"<"&DATE(2026,2,1)) -> 0 | I12: =COUNTIFS('Maintenance Log'!$B$4:$B$500,$A12,'Maintenance Log'!$D$4:$D$500,"Breakdown",'Maintenance Log'!$C$4:$C$500,">="&DATE(2026,2,1),'Maintenance Log'!$C$4:$C$500,"<"&DATE(2026,3,1)) -> 0 | J12: =COUNTIFS('Maintenance Log'!$B$4:$B$500,$A12,'Maintenance Log'!$D$4:$D$500,"Breakdown",'Maintenance Log'!$C$4:$C$500,">="&DATE(2026,3,1),'Maintenance Log'!$C$4:$C$500,"<"&DATE(2026,4,1)) -> 0 | K12: =COUNTIFS('Maintenance Log'!$B$4:$B$500,$A12,'Maintenance Log'!$D$4:$D$500,"Breakdown",'Maintenance Log'!$C$4:$C$500,">="&DATE(2026,4,1),'Maintenance Log'!$C$4:$C$500,"<"&DATE(2026,5,1)) -> 0 | L12: =COUNTIFS('Maintenance Log'!$B$4:$B$500,$A12,'Maintenance Log'!$D$4:$D$500,"Breakdown",'Maintenance Log'!$C$4:$C$500,">="&DATE(2026,5,1),'Maintenance Log'!$C$4:$C$500,"<"&DATE(2026,6,1)) -> 0 | M12: =COUNTIFS('Maintenance Log'!$B$4:$B$500,$A12,'Maintenance Log'!$D$4:$D$500,"Breakdown",'Maintenance Log'!$C$4:$C$500,">="&DATE(2026,6,1),'Maintenance Log'!$C$4:$C$500,"<"&DATE(2026,7,1)) -> 0 | N12: =COUNTIFS('Maintenance Log'!$B$4:$B$500,$A12,'Maintenance Log'!$D$4:$D$500,"Breakdown",'Maintenance Log'!$C$4:$C$500,">="&DATE(2026,7,1),'Maintenance Log'!$C$4:$C$500,"<"&DATE(2026,8,1)) -> 0
A13: RT-03 | B13: Rough Terrain Crane | C13: =COUNTIFS('Maintenance Log'!$B$4:$B$500,$A13,'Maintenance Log'!$D$4:$D$500,"Breakdown",'Maintenance Log'!$C$4:$C$500,">="&DATE(2025,8,1),'Maintenance Log'!$C$4:$C$500,"<"&DATE(2025,9,1)) -> 1 | D13: =COUNTIFS('Maintenance Log'!$B$4:$B$500,$A13,'Maintenance Log'!$D$4:$D$500,"Breakdown",'Maintenance Log'!$C$4:$C$500,">="&DATE(2025,9,1),'Maintenance Log'!$C$4:$C$500,"<"&DATE(2025,10,1)) -> 0 | E13: =COUNTIFS('Maintenance Log'!$B$4:$B$500,$A13,'Maintenance Log'!$D$4:$D$500,"Breakdown",'Maintenance Log'!$C$4:$C$500,">="&DATE(2025,10,1),'Maintenance Log'!$C$4:$C$500,"<"&DATE(2025,11,1)) -> 0 | F13: =COUNTIFS('Maintenance Log'!$B$4:$B$500,$A13,'Maintenance Log'!$D$4:$D$500,"Breakdown",'Maintenance Log'!$C$4:$C$500,">="&DATE(2025,11,1),'Maintenance Log'!$C$4:$C$500,"<"&DATE(2025,12,1)) -> 0 | G13: =COUNTIFS('Maintenance Log'!$B$4:$B$500,$A13,'Maintenance Log'!$D$4:$D$500,"Breakdown",'Maintenance Log'!$C$4:$C$500,">="&DATE(2025,12,1),'Maintenance Log'!$C$4:$C$500,"<"&DATE(2026,1,1)) -> 1 | H13: =COUNTIFS('Maintenance Log'!$B$4:$B$500,$A13,'Maintenance Log'!$D$4:$D$500,"Breakdown",'Maintenance Log'!$C$4:$C$500,">="&DATE(2026,1,1),'Maintenance Log'!$C$4:$C$500,"<"&DATE(2026,2,1)) -> 0 | I13: =COUNTIFS('Maintenance Log'!$B$4:$B$500,$A13,'Maintenance Log'!$D$4:$D$500,"Breakdown",'Maintenance Log'!$C$4:$C$500,">="&DATE(2026,2,1),'Maintenance Log'!$C$4:$C$500,"<"&DATE(2026,3,1)) -> 0 | J13: =COUNTIFS('Maintenance Log'!$B$4:$B$500,$A13,'Maintenance Log'!$D$4:$D$500,"Breakdown",'Maintenance Log'!$C$4:$C$500,">="&DATE(2026,3,1),'Maintenance Log'!$C$4:$C$500,"<"&DATE(2026,4,1)) -> 1 | K13: =COUNTIFS('Maintenance Log'!$B$4:$B$500,$A13,'Maintenance Log'!$D$4:$D$500,"Breakdown",'Maintenance Log'!$C$4:$C$500,">="&DATE(2026,4,1),'Maintenance Log'!$C$4:$C$500,"<"&DATE(2026,5,1)) -> 0 | L13: =COUNTIFS('Maintenance Log'!$B$4:$B$500,$A13,'Maintenance Log'!$D$4:$D$500,"Breakdown",'Maintenance Log'!$C$4:$C$500,">="&DATE(2026,5,1),'Maintenance Log'!$C$4:$C$500,"<"&DATE(2026,6,1)) -> 0 | M13: =COUNTIFS('Maintenance Log'!$B$4:$B$500,$A13,'Maintenance Log'!$D$4:$D$500,"Breakdown",'Maintenance Log'!$C$4:$C$500,">="&DATE(2026,6,1),'Maintenance Log'!$C$4:$C$500,"<"&DATE(2026,7,1)) -> 0 | N13: =COUNTIFS('Maintenance Log'!$B$4:$B$500,$A13,'Maintenance Log'!$D$4:$D$500,"Breakdown",'Maintenance Log'!$C$4:$C$500,">="&DATE(2026,7,1),'Maintenance Log'!$C$4:$C$500,"<"&DATE(2026,8,1)) -> 0
A14: LC-01 | B14: Lorry Crane | C14: =COUNTIFS('Maintenance Log'!$B$4:$B$500,$A14,'Maintenance Log'!$D$4:$D$500,"Breakdown",'Maintenance Log'!$C$4:$C$500,">="&DATE(2025,8,1),'Maintenance Log'!$C$4:$C$500,"<"&DATE(2025,9,1)) -> 0 | D14: =COUNTIFS('Maintenance Log'!$B$4:$B$500,$A14,'Maintenance Log'!$D$4:$D$500,"Breakdown",'Maintenance Log'!$C$4:$C$500,">="&DATE(2025,9,1),'Maintenance Log'!$C$4:$C$500,"<"&DATE(2025,10,1)) -> 0 | E14: =COUNTIFS('Maintenance Log'!$B$4:$B$500,$A14,'Maintenance Log'!$D$4:$D$500,"Breakdown",'Maintenance Log'!$C$4:$C$500,">="&DATE(2025,10,1),'Maintenance Log'!$C$4:$C$500,"<"&DATE(2025,11,1)) -> 0 | F14: =COUNTIFS('Maintenance Log'!$B$4:$B$500,$A14,'Maintenance Log'!$D$4:$D$500,"Breakdown",'Maintenance Log'!$C$4:$C$500,">="&DATE(2025,11,1),'Maintenance Log'!$C$4:$C$500,"<"&DATE(2025,12,1)) -> 0 | G14: =COUNTIFS('Maintenance Log'!$B$4:$B$500,$A14,'Maintenance Log'!$D$4:$D$500,"Breakdown",'Maintenance Log'!$C$4:$C$500,">="&DATE(2025,12,1),'Maintenance Log'!$C$4:$C$500,"<"&DATE(2026,1,1)) -> 0 | H14: =COUNTIFS('Maintenance Log'!$B$4:$B$500,$A14,'Maintenance Log'!$D$4:$D$500,"Breakdown",'Maintenance Log'!$C$4:$C$500,">="&DATE(2026,1,1),'Maintenance Log'!$C$4:$C$500,"<"&DATE(2026,2,1)) -> 0 | I14: =COUNTIFS('Maintenance Log'!$B$4:$B$500,$A14,'Maintenance Log'!$D$4:$D$500,"Breakdown",'Maintenance Log'!$C$4:$C$500,">="&DATE(2026,2,1),'Maintenance Log'!$C$4:$C$500,"<"&DATE(2026,3,1)) -> 0 | J14: =COUNTIFS('Maintenance Log'!$B$4:$B$500,$A14,'Maintenance Log'!$D$4:$D$500,"Breakdown",'Maintenance Log'!$C$4:$C$500,">="&DATE(2026,3,1),'Maintenance Log'!$C$4:$C$500,"<"&DATE(2026,4,1)) -> 0 | K14: =COUNTIFS('Maintenance Log'!$B$4:$B$500,$A14,'Maintenance Log'!$D$4:$D$500,"Breakdown",'Maintenance Log'!$C$4:$C$500,">="&DATE(2026,4,1),'Maintenance Log'!$C$4:$C$500,"<"&DATE(2026,5,1)) -> 0 | L14: =COUNTIFS('Maintenance Log'!$B$4:$B$500,$A14,'Maintenance Log'!$D$4:$D$500,"Breakdown",'Maintenance Log'!$C$4:$C$500,">="&DATE(2026,5,1),'Maintenance Log'!$C$4:$C$500,"<"&DATE(2026,6,1)) -> 0 | M14: =COUNTIFS('Maintenance Log'!$B$4:$B$500,$A14,'Maintenance Log'!$D$4:$D$500,"Breakdown",'Maintenance Log'!$C$4:$C$500,">="&DATE(2026,6,1),'Maintenance Log'!$C$4:$C$500,"<"&DATE(2026,7,1)) -> 0 | N14: =COUNTIFS('Maintenance Log'!$B$4:$B$500,$A14,'Maintenance Log'!$D$4:$D$500,"Breakdown",'Maintenance Log'!$C$4:$C$500,">="&DATE(2026,7,1),'Maintenance Log'!$C$4:$C$500,"<"&DATE(2026,8,1)) -> 0
A15: LC-02 | B15: Lorry Crane | C15: =COUNTIFS('Maintenance Log'!$B$4:$B$500,$A15,'Maintenance Log'!$D$4:$D$500,"Breakdown",'Maintenance Log'!$C$4:$C$500,">="&DATE(2025,8,1),'Maintenance Log'!$C$4:$C$500,"<"&DATE(2025,9,1)) -> 1 | D15: =COUNTIFS('Maintenance Log'!$B$4:$B$500,$A15,'Maintenance Log'!$D$4:$D$500,"Breakdown",'Maintenance Log'!$C$4:$C$500,">="&DATE(2025,9,1),'Maintenance Log'!$C$4:$C$500,"<"&DATE(2025,10,1)) -> 0 | E15: =COUNTIFS('Maintenance Log'!$B$4:$B$500,$A15,'Maintenance Log'!$D$4:$D$500,"Breakdown",'Maintenance Log'!$C$4:$C$500,">="&DATE(2025,10,1),'Maintenance Log'!$C$4:$C$500,"<"&DATE(2025,11,1)) -> 0 | F15: =COUNTIFS('Maintenance Log'!$B$4:$B$500,$A15,'Maintenance Log'!$D$4:$D$500,"Breakdown",'Maintenance Log'!$C$4:$C$500,">="&DATE(2025,11,1),'Maintenance Log'!$C$4:$C$500,"<"&DATE(2025,12,1)) -> 0 | G15: =COUNTIFS('Maintenance Log'!$B$4:$B$500,$A15,'Maintenance Log'!$D$4:$D$500,"Breakdown",'Maintenance Log'!$C$4:$C$500,">="&DATE(2025,12,1),'Maintenance Log'!$C$4:$C$500,"<"&DATE(2026,1,1)) -> 0 | H15: =COUNTIFS('Maintenance Log'!$B$4:$B$500,$A15,'Maintenance Log'!$D$4:$D$500,"Breakdown",'Maintenance Log'!$C$4:$C$500,">="&DATE(2026,1,1),'Maintenance Log'!$C$4:$C$500,"<"&DATE(2026,2,1)) -> 1 | I15: =COUNTIFS('Maintenance Log'!$B$4:$B$500,$A15,'Maintenance Log'!$D$4:$D$500,"Breakdown",'Maintenance Log'!$C$4:$C$500,">="&DATE(2026,2,1),'Maintenance Log'!$C$4:$C$500,"<"&DATE(2026,3,1)) -> 0 | J15: =COUNTIFS('Maintenance Log'!$B$4:$B$500,$A15,'Maintenance Log'!$D$4:$D$500,"Breakdown",'Maintenance Log'!$C$4:$C$500,">="&DATE(2026,3,1),'Maintenance Log'!$C$4:$C$500,"<"&DATE(2026,4,1)) -> 0 | K15: =COUNTIFS('Maintenance Log'!$B$4:$B$500,$A15,'Maintenance Log'!$D$4:$D$500,"Breakdown",'Maintenance Log'!$C$4:$C$500,">="&DATE(2026,4,1),'Maintenance Log'!$C$4:$C$500,"<"&DATE(2026,5,1)) -> 0 | L15: =COUNTIFS('Maintenance Log'!$B$4:$B$500,$A15,'Maintenance Log'!$D$4:$D$500,"Breakdown",'Maintenance Log'!$C$4:$C$500,">="&DATE(2026,5,1),'Maintenance Log'!$C$4:$C$500,"<"&DATE(2026,6,1)) -> 0 | M15: =COUNTIFS('Maintenance Log'!$B$4:$B$500,$A15,'Maintenance Log'!$D$4:$D$500,"Breakdown",'Maintenance Log'!$C$4:$C$500,">="&DATE(2026,6,1),'Maintenance Log'!$C$4:$C$500,"<"&DATE(2026,7,1)) -> 0 | N15: =COUNTIFS('Maintenance Log'!$B$4:$B$500,$A15,'Maintenance Log'!$D$4:$D$500,"Breakdown",'Maintenance Log'!$C$4:$C$500,">="&DATE(2026,7,1),'Maintenance Log'!$C$4:$C$500,"<"&DATE(2026,8,1)) -> 0
A16: LC-03 | B16: Lorry Crane | C16: =COUNTIFS('Maintenance Log'!$B$4:$B$500,$A16,'Maintenance Log'!$D$4:$D$500,"Breakdown",'Maintenance Log'!$C$4:$C$500,">="&DATE(2025,8,1),'Maintenance Log'!$C$4:$C$500,"<"&DATE(2025,9,1)) -> 0 | D16: =COUNTIFS('Maintenance Log'!$B$4:$B$500,$A16,'Maintenance Log'!$D$4:$D$500,"Breakdown",'Maintenance Log'!$C$4:$C$500,">="&DATE(2025,9,1),'Maintenance Log'!$C$4:$C$500,"<"&DATE(2025,10,1)) -> 0 | E16: =COUNTIFS('Maintenance Log'!$B$4:$B$500,$A16,'Maintenance Log'!$D$4:$D$500,"Breakdown",'Maintenance Log'!$C$4:$C$500,">="&DATE(2025,10,1),'Maintenance Log'!$C$4:$C$500,"<"&DATE(2025,11,1)) -> 1 | F16: =COUNTIFS('Maintenance Log'!$B$4:$B$500,$A16,'Maintenance Log'!$D$4:$D$500,"Breakdown",'Maintenance Log'!$C$4:$C$500,">="&DATE(2025,11,1),'Maintenance Log'!$C$4:$C$500,"<"&DATE(2025,12,1)) -> 1 | G16: =COUNTIFS('Maintenance Log'!$B$4:$B$500,$A16,'Maintenance Log'!$D$4:$D$500,"Breakdown",'Maintenance Log'!$C$4:$C$500,">="&DATE(2025,12,1),'Maintenance Log'!$C$4:$C$500,"<"&DATE(2026,1,1)) -> 0 | H16: =COUNTIFS('Maintenance Log'!$B$4:$B$500,$A16,'Maintenance Log'!$D$4:$D$500,"Breakdown",'Maintenance Log'!$C$4:$C$500,">="&DATE(2026,1,1),'Maintenance Log'!$C$4:$C$500,"<"&DATE(2026,2,1)) -> 0 | I16: =COUNTIFS('Maintenance Log'!$B$4:$B$500,$A16,'Maintenance Log'!$D$4:$D$500,"Breakdown",'Maintenance Log'!$C$4:$C$500,">="&DATE(2026,2,1),'Maintenance Log'!$C$4:$C$500,"<"&DATE(2026,3,1)) -> 0 | J16: =COUNTIFS('Maintenance Log'!$B$4:$B$500,$A16,'Maintenance Log'!$D$4:$D$500,"Breakdown",'Maintenance Log'!$C$4:$C$500,">="&DATE(2026,3,1),'Maintenance Log'!$C$4:$C$500,"<"&DATE(2026,4,1)) -> 1 | K16: =COUNTIFS('Maintenance Log'!$B$4:$B$500,$A16,'Maintenance Log'!$D$4:$D$500,"Breakdown",'Maintenance Log'!$C$4:$C$500,">="&DATE(2026,4,1),'Maintenance Log'!$C$4:$C$500,"<"&DATE(2026,5,1)) -> 1 | L16: =COUNTIFS('Maintenance Log'!$B$4:$B$500,$A16,'Maintenance Log'!$D$4:$D$500,"Breakdown",'Maintenance Log'!$C$4:$C$500,">="&DATE(2026,5,1),'Maintenance Log'!$C$4:$C$500,"<"&DATE(2026,6,1)) -> 0 | M16: =COUNTIFS('Maintenance Log'!$B$4:$B$500,$A16,'Maintenance Log'!$D$4:$D$500,"Breakdown",'Maintenance Log'!$C$4:$C$500,">="&DATE(2026,6,1),'Maintenance Log'!$C$4:$C$500,"<"&DATE(2026,7,1)) -> 0 | N16: =COUNTIFS('Maintenance Log'!$B$4:$B$500,$A16,'Maintenance Log'!$D$4:$D$500,"Breakdown",'Maintenance Log'!$C$4:$C$500,">="&DATE(2026,7,1),'Maintenance Log'!$C$4:$C$500,"<"&DATE(2026,8,1)) -> 0
... A22: SP-03 | B22: Self-Propelled Modular Trailer | C22: =COUNTIFS('Maintenance Log'!$B$4:$B$500,$A22,'Maintenance Log'!$D$4:$D$500,"Breakdown",'Maintenance Log'!$C$4:$C$500,">="&DATE(2025,8,1),'Maintenance Log'!$C$4:$C$500,"<"&DATE(2025,9,1)) -> 0 | D22: =COUNTIFS('Maintenance Log'!$B$4:$B$500,$A22,'Maintenance Log'!$D$4:$D$500,"Breakdown",'Maintenance Log'!$C$4:$C$500,">="&DATE(2025,9,1),'Maintenance Log'!$C$4:$C$500,"<"&DATE(2025,10,1)) -> 1 | E22: =COUNTIFS('Maintenance Log'!$B$4:$B$500,$A22,'Maintenance Log'!$D$4:$D$500,"Breakdown",'Maintenance Log'!$C$4:$C$500,">="&DATE(2025,10,1),'Maintenance Log'!$C$4:$C$500,"<"&DATE(2025,11,1)) -> 0 | F22: =COUNTIFS('Maintenance Log'!$B$4:$B$500,$A22,'Maintenance Log'!$D$4:$D$500,"Breakdown",'Maintenance Log'!$C$4:$C$500,">="&DATE(2025,11,1),'Maintenance Log'!$C$4:$C$500,"<"&DATE(2025,12,1)) -> 0 | G22: =COUNTIFS('Maintenance Log'!$B$4:$B$500,$A22,'Maintenance Log'!$D$4:$D$500,"Breakdown",'Maintenance Log'!$C$4:$C$500,">="&DATE(2025,12,1),'Maintenance Log'!$C$4:$C$500,"<"&DATE(2026,1,1)) -> 0 | H22: =COUNTIFS('Maintenance Log'!$B$4:$B$500,$A22,'Maintenance Log'!$D$4:$D$500,"Breakdown",'Maintenance Log'!$C$4:$C$500,">="&DATE(2026,1,1),'Maintenance Log'!$C$4:$C$500,"<"&DATE(2026,2,1)) -> 0 | I22: =COUNTIFS('Maintenance Log'!$B$4:$B$500,$A22,'Maintenance Log'!$D$4:$D$500,"Breakdown",'Maintenance Log'!$C$4:$C$500,">="&DATE(2026,2,1),'Maintenance Log'!$C$4:$C$500,"<"&DATE(2026,3,1)) -> 0 | J22: =COUNTIFS('Maintenance Log'!$B$4:$B$500,$A22,'Maintenance Log'!$D$4:$D$500,"Breakdown",'Maintenance Log'!$C$4:$C$500,">="&DATE(2026,3,1),'Maintenance Log'!$C$4:$C$500,"<"&DATE(2026,4,1)) -> 1 | K22: =COUNTIFS('Maintenance Log'!$B$4:$B$500,$A22,'Maintenance Log'!$D$4:$D$500,"Breakdown",'Maintenance Log'!$C$4:$C$500,">="&DATE(2026,4,1),'Maintenance Log'!$C$4:$C$500,"<"&DATE(2026,5,1)) -> 0 | L22: =COUNTIFS('Maintenance Log'!$B$4:$B$500,$A22,'Maintenance Log'!$D$4:$D$500,"Breakdown",'Maintenance Log'!$C$4:$C$500,">="&DATE(2026,5,1),'Maintenance Log'!$C$4:$C$500,"<"&DATE(2026,6,1)) -> 1 | M22: =COUNTIFS('Maintenance Log'!$B$4:$B$500,$A22,'Maintenance Log'!$D$4:$D$500,"Breakdown",'Maintenance Log'!$C$4:$C$500,">="&DATE(2026,6,1),'Maintenance Log'!$C$4:$C$500,"<"&DATE(2026,7,1)) -> 0 | N22: =COUNTIFS('Maintenance Log'!$B$4:$B$500,$A22,'Maintenance Log'!$D$4:$D$500,"Breakdown",'Maintenance Log'!$C$4:$C$500,">="&DATE(2026,7,1),'Maintenance Log'!$C$4:$C$500,"<"&DATE(2026,8,1)) -> 0
A25: By Class
A26: Asset Class | C26: Aug-2025 | D26: Sep-2025 | E26: Oct-2025 | F26: Nov-2025 | G26: Dec-2025 | H26: Jan-2026 | I26: Feb-2026 | J26: Mar-2026 | K26: Apr-2026 | L26: May-2026 | M26: Jun-2026 | N26: Jul-2026
A27: Crawler Crane | C27: =SUM(C5:C7) -> 3 | D27: =SUM(D5:D7) -> 2 | E27: =SUM(E5:E7) -> 0 | F27: =SUM(F5:F7) -> 0 | G27: =SUM(G5:G7) -> 0 | H27: =SUM(H5:H7) -> 0 | I27: =SUM(I5:I7) -> 0 | J27: =SUM(J5:J7) -> 1 | ... N27: =SUM(N5:N7) -> 0
A28: Hydraulic / Mobile Crane | C28: =SUM(C8:C10) -> 0 | D28: =SUM(D8:D10) -> 0 | E28: =SUM(E8:E10) -> 0 | F28: =SUM(F8:F10) -> 0 | G28: =SUM(G8:G10) -> 0 | H28: =SUM(H8:H10) -> 1 | I28: =SUM(I8:I10) -> 1 | J28: =SUM(J8:J10) -> 1 | ... N28: =SUM(N8:N10) -> 2
A29: Rough Terrain Crane | C29: =SUM(C11:C13) -> 1 | D29: =SUM(D11:D13) -> 0 | E29: =SUM(E11:E13) -> 1 | F29: =SUM(F11:F13) -> 0 | G29: =SUM(G11:G13) -> 1 | H29: =SUM(H11:H13) -> 0 | I29: =SUM(I11:I13) -> 0 | J29: =SUM(J11:J13) -> 1 | ... N29: =SUM(N11:N13) -> 0
A30: Lorry Crane | C30: =SUM(C14:C16) -> 1 | D30: =SUM(D14:D16) -> 0 | E30: =SUM(E14:E16) -> 1 | F30: =SUM(F14:F16) -> 1 | G30: =SUM(G14:G16) -> 0 | H30: =SUM(H14:H16) -> 1 | I30: =SUM(I14:I16) -> 0 | J30: =SUM(J14:J16) -> 1 | ... N30: =SUM(N14:N16) -> 0
A31: Tower Crane | C31: =SUM(C17:C19) -> 1 | D31: =SUM(D17:D19) -> 0 | E31: =SUM(E17:E19) -> 0 | F31: =SUM(F17:F19) -> 0 | G31: =SUM(G17:G19) -> 0 | H31: =SUM(H17:H19) -> 0 | I31: =SUM(I17:I19) -> 0 | J31: =SUM(J17:J19) -> 1 | ... N31: =SUM(N17:N19) -> 0
A32: Self-Propelled Modular Trailer | C32: =SUM(C20:C22) -> 0 | D32: =SUM(D20:D22) -> 1 | E32: =SUM(E20:E22) -> 0 | F32: =SUM(F20:F22) -> 0 | G32: =SUM(G20:G22) -> 0 | H32: =SUM(H20:H22) -> 0 | I32: =SUM(I20:I22) -> 0 | J32: =SUM(J20:J22) -> 1 | ... N32: =SUM(N20:N22) -> 0
A33: Fleet Total | C33: =SUM(C27:C32) -> 6 | D33: =SUM(D27:D32) -> 3 | E33: =SUM(E27:E32) -> 2 | F33: =SUM(F27:F32) -> 1 | G33: =SUM(G27:G32) -> 1 | H33: =SUM(H27:H32) -> 2 | I33: =SUM(I27:I32) -> 1 | J33: =SUM(J27:J32) -> 6 | ... N33: =SUM(N27:N32) -> 2
